"시도별(1)","규모별(1)","시점",공장수 (개사)
"계","대기업","2006.1/2",
"계","대기업","2006.2/2",24
"계","대기업","2007.1/2",-37
"계","대기업","2007.2/2",23
"계","대기업","2008.2/2",
"계","대기업","2009.1/2",85
"계","대기업","2009.2/2",63
"계","대기업","2010.1/2",81
"계","대기업","2010.2/2",-127
"계","대기업","2011.1/2",0
"계","대기업","2011.2/2",-47
"계","대기업","2012.1/2",-105
"계","대기업","2012.2/2",-219
"계","대기업","2013.1/2",-108
"계","대기업","2013.2/2",-3
"계","대기업","2014.1/2",-9
"계","대기업","2014.2/2",-1
"계","대기업","2015.1/2",-12
"계","대기업","2015.2/2",1
"계","대기업","2016.1/2",-6
"계","대기업","2016.2/2",-5
"계","대기업","2017.1/2",-18
"계","중기업","2006.1/2",
"계","중기업","2006.2/2",156
"계","중기업","2007.1/2",235
"계","중기업","2007.2/2",89
"계","중기업","2008.2/2",
"계","중기업","2009.1/2",88
"계","중기업","2009.2/2",39
"계","중기업","2010.1/2",115
"계","중기업","2010.2/2",370
"계","중기업","2011.1/2",0
"계","중기업","2011.2/2",136
"계","중기업","2012.1/2",83
"계","중기업","2012.2/2",159
"계","중기업","2013.1/2",68
"계","중기업","2013.2/2",202
"계","중기업","2014.1/2",79
"계","중기업","2014.2/2",203
"계","중기업","2015.1/2",129
"계","중기업","2015.2/2",160
"계","중기업","2016.1/2",123
"계","중기업","2016.2/2",55
"계","중기업","2017.1/2",118
"계","소기업","2006.1/2",
"계","소기업","2006.2/2",3756
"계","소기업","2007.1/2",3802
"계","소기업","2007.2/2",3535
"계","소기업","2008.2/2",
"계","소기업","2009.1/2",3229
"계","소기업","2009.2/2",3157
"계","소기업","2010.1/2",3255
"계","소기업","2010.2/2",5801
"계","소기업","2011.1/2",0
"계","소기업","2011.2/2",3006
"계","소기업","2012.1/2",2777
"계","소기업","2012.2/2",2057
"계","소기업","2013.1/2",2945
"계","소기업","2013.2/2",4582
"계","소기업","2014.1/2",2043
"계","소기업","2014.2/2",4102
"계","소기업","2015.1/2",3638
"계","소기업","2015.2/2",5867
"계","소기업","2016.1/2",2065
"계","소기업","2016.2/2",1963
"계","소기업","2017.1/2",2532
"서울특별시","대기업","2006.1/2",
"서울특별시","대기업","2006.2/2",-2
"서울특별시","대기업","2007.1/2",-4
"서울특별시","대기업","2007.2/2",-1
"서울특별시","대기업","2008.2/2",
"서울특별시","대기업","2009.1/2",3
"서울특별시","대기업","2009.2/2",0
"서울특별시","대기업","2010.1/2",3
"서울특별시","대기업","2010.2/2",0
"서울특별시","대기업","2011.1/2",0
"서울특별시","대기업","2011.2/2",-10
"서울특별시","대기업","2012.1/2",-3
"서울특별시","대기업","2012.2/2",-15
"서울특별시","대기업","2013.1/2",1
"서울특별시","대기업","2013.2/2",-3
"서울특별시","대기업","2014.1/2",-3
"서울특별시","대기업","2014.2/2",0
"서울특별시","대기업","2015.1/2",-5
"서울특별시","대기업","2015.2/2",2
"서울특별시","대기업","2016.1/2",1
"서울특별시","대기업","2016.2/2",-1
"서울특별시","대기업","2017.1/2",-1
"서울특별시","중기업","2006.1/2",
"서울특별시","중기업","2006.2/2",3
"서울특별시","중기업","2007.1/2",3
"서울특별시","중기업","2007.2/2",-13
"서울특별시","중기업","2008.2/2",
"서울특별시","중기업","2009.1/2",7
"서울특별시","중기업","2009.2/2",-5
"서울특별시","중기업","2010.1/2",5
"서울특별시","중기업","2010.2/2",17
"서울특별시","중기업","2011.1/2",0
"서울특별시","중기업","2011.2/2",10
"서울특별시","중기업","2012.1/2",6
"서울특별시","중기업","2012.2/2",20
"서울특별시","중기업","2013.1/2",7
"서울특별시","중기업","2013.2/2",8
"서울특별시","중기업","2014.1/2",-14
"서울특별시","중기업","2014.2/2",0
"서울특별시","중기업","2015.1/2",4
"서울특별시","중기업","2015.2/2",8
"서울특별시","중기업","2016.1/2",5
"서울특별시","중기업","2016.2/2",-6
"서울특별시","중기업","2017.1/2",5
"서울특별시","소기업","2006.1/2",
"서울특별시","소기업","2006.2/2",277
"서울특별시","소기업","2007.1/2",91
"서울특별시","소기업","2007.2/2",6
"서울특별시","소기업","2008.2/2",
"서울특별시","소기업","2009.1/2",84
"서울특별시","소기업","2009.2/2",-159
"서울특별시","소기업","2010.1/2",165
"서울특별시","소기업","2010.2/2",344
"서울특별시","소기업","2011.1/2",0
"서울특별시","소기업","2011.2/2",69
"서울특별시","소기업","2012.1/2",54
"서울특별시","소기업","2012.2/2",9
"서울특별시","소기업","2013.1/2",140
"서울특별시","소기업","2013.2/2",182
"서울특별시","소기업","2014.1/2",-403
"서울특별시","소기업","2014.2/2",204
"서울특별시","소기업","2015.1/2",234
"서울특별시","소기업","2015.2/2",477
"서울특별시","소기업","2016.1/2",50
"서울특별시","소기업","2016.2/2",-32
"서울특별시","소기업","2017.1/2",-3
"부산광역시","대기업","2006.1/2",
"부산광역시","대기업","2006.2/2",-5
"부산광역시","대기업","2007.1/2",-6
"부산광역시","대기업","2007.2/2",3
"부산광역시","대기업","2008.2/2",
"부산광역시","대기업","2009.1/2",3
"부산광역시","대기업","2009.2/2",1
"부산광역시","대기업","2010.1/2",6
"부산광역시","대기업","2010.2/2",-1
"부산광역시","대기업","2011.1/2",0
"부산광역시","대기업","2011.2/2",-1
"부산광역시","대기업","2012.1/2",-2
"부산광역시","대기업","2012.2/2",-3
"부산광역시","대기업","2013.1/2",-4
"부산광역시","대기업","2013.2/2",0
"부산광역시","대기업","2014.1/2",-2
"부산광역시","대기업","2014.2/2",0
"부산광역시","대기업","2015.1/2",1
"부산광역시","대기업","2015.2/2",1
"부산광역시","대기업","2016.1/2",0
"부산광역시","대기업","2016.2/2",-1
"부산광역시","대기업","2017.1/2",1
"부산광역시","중기업","2006.1/2",
"부산광역시","중기업","2006.2/2",16
"부산광역시","중기업","2007.1/2",12
"부산광역시","중기업","2007.2/2",-13
"부산광역시","중기업","2008.2/2",
"부산광역시","중기업","2009.1/2",9
"부산광역시","중기업","2009.2/2",-6
"부산광역시","중기업","2010.1/2",2
"부산광역시","중기업","2010.2/2",8
"부산광역시","중기업","2011.1/2",0
"부산광역시","중기업","2011.2/2",10
"부산광역시","중기업","2012.1/2",3
"부산광역시","중기업","2012.2/2",11
"부산광역시","중기업","2013.1/2",4
"부산광역시","중기업","2013.2/2",18
"부산광역시","중기업","2014.1/2",11
"부산광역시","중기업","2014.2/2",5
"부산광역시","중기업","2015.1/2",0
"부산광역시","중기업","2015.2/2",3
"부산광역시","중기업","2016.1/2",0
"부산광역시","중기업","2016.2/2",11
"부산광역시","중기업","2017.1/2",-10
"부산광역시","소기업","2006.1/2",
"부산광역시","소기업","2006.2/2",111
"부산광역시","소기업","2007.1/2",212
"부산광역시","소기업","2007.2/2",27
"부산광역시","소기업","2008.2/2",
"부산광역시","소기업","2009.1/2",186
"부산광역시","소기업","2009.2/2",2
"부산광역시","소기업","2010.1/2",80
"부산광역시","소기업","2010.2/2",328
"부산광역시","소기업","2011.1/2",0
"부산광역시","소기업","2011.2/2",173
"부산광역시","소기업","2012.1/2",239
"부산광역시","소기업","2012.2/2",-41
"부산광역시","소기업","2013.1/2",251
"부산광역시","소기업","2013.2/2",330
"부산광역시","소기업","2014.1/2",215
"부산광역시","소기업","2014.2/2",302
"부산광역시","소기업","2015.1/2",222
"부산광역시","소기업","2015.2/2",397
"부산광역시","소기업","2016.1/2",147
"부산광역시","소기업","2016.2/2",112
"부산광역시","소기업","2017.1/2",-160
"대구광역시","대기업","2006.1/2",
"대구광역시","대기업","2006.2/2",-4
"대구광역시","대기업","2007.1/2",1
"대구광역시","대기업","2007.2/2",3
"대구광역시","대기업","2008.2/2",
"대구광역시","대기업","2009.1/2",5
"대구광역시","대기업","2009.2/2",4
"대구광역시","대기업","2010.1/2",6
"대구광역시","대기업","2010.2/2",-1
"대구광역시","대기업","2011.1/2",0
"대구광역시","대기업","2011.2/2",-2
"대구광역시","대기업","2012.1/2",2
"대구광역시","대기업","2012.2/2",-6
"대구광역시","대기업","2013.1/2",-6
"대구광역시","대기업","2013.2/2",0
"대구광역시","대기업","2014.1/2",0
"대구광역시","대기업","2014.2/2",-1
"대구광역시","대기업","2015.1/2",-1
"대구광역시","대기업","2015.2/2",0
"대구광역시","대기업","2016.1/2",0
"대구광역시","대기업","2016.2/2",0
"대구광역시","대기업","2017.1/2",1
"대구광역시","중기업","2006.1/2",
"대구광역시","중기업","2006.2/2",9
"대구광역시","중기업","2007.1/2",-21
"대구광역시","중기업","2007.2/2",-12
"대구광역시","중기업","2008.2/2",
"대구광역시","중기업","2009.1/2",-7
"대구광역시","중기업","2009.2/2",1
"대구광역시","중기업","2010.1/2",3
"대구광역시","중기업","2010.2/2",15
"대구광역시","중기업","2011.1/2",0
"대구광역시","중기업","2011.2/2",3
"대구광역시","중기업","2012.1/2",13
"대구광역시","중기업","2012.2/2",20
"대구광역시","중기업","2013.1/2",-10
"대구광역시","중기업","2013.2/2",1
"대구광역시","중기업","2014.1/2",-11
"대구광역시","중기업","2014.2/2",15
"대구광역시","중기업","2015.1/2",4
"대구광역시","중기업","2015.2/2",7
"대구광역시","중기업","2016.1/2",4
"대구광역시","중기업","2016.2/2",3
"대구광역시","중기업","2017.1/2",-5
"대구광역시","소기업","2006.1/2",
"대구광역시","소기업","2006.2/2",520
"대구광역시","소기업","2007.1/2",-92
"대구광역시","소기업","2007.2/2",80
"대구광역시","소기업","2008.2/2",
"대구광역시","소기업","2009.1/2",191
"대구광역시","소기업","2009.2/2",155
"대구광역시","소기업","2010.1/2",258
"대구광역시","소기업","2010.2/2",387
"대구광역시","소기업","2011.1/2",0
"대구광역시","소기업","2011.2/2",64
"대구광역시","소기업","2012.1/2",183
"대구광역시","소기업","2012.2/2",107
"대구광역시","소기업","2013.1/2",173
"대구광역시","소기업","2013.2/2",168
"대구광역시","소기업","2014.1/2",120
"대구광역시","소기업","2014.2/2",71
"대구광역시","소기업","2015.1/2",92
"대구광역시","소기업","2015.2/2",189
"대구광역시","소기업","2016.1/2",160
"대구광역시","소기업","2016.2/2",103
"대구광역시","소기업","2017.1/2",167
"인천광역시","대기업","2006.1/2",
"인천광역시","대기업","2006.2/2",32
"인천광역시","대기업","2007.1/2",8
"인천광역시","대기업","2007.2/2",-1
"인천광역시","대기업","2008.2/2",
"인천광역시","대기업","2009.1/2",4
"인천광역시","대기업","2009.2/2",4
"인천광역시","대기업","2010.1/2",4
"인천광역시","대기업","2010.2/2",-20
"인천광역시","대기업","2011.1/2",0
"인천광역시","대기업","2011.2/2",-3
"인천광역시","대기업","2012.1/2",-6
"인천광역시","대기업","2012.2/2",-13
"인천광역시","대기업","2013.1/2",-2
"인천광역시","대기업","2013.2/2",-6
"인천광역시","대기업","2014.1/2",-4
"인천광역시","대기업","2014.2/2",-2
"인천광역시","대기업","2015.1/2",-2
"인천광역시","대기업","2015.2/2",-20
"인천광역시","대기업","2016.1/2",-2
"인천광역시","대기업","2016.2/2",0
"인천광역시","대기업","2017.1/2",-4
"인천광역시","중기업","2006.1/2",
"인천광역시","중기업","2006.2/2",-18
"인천광역시","중기업","2007.1/2",-11
"인천광역시","중기업","2007.2/2",-10
"인천광역시","중기업","2008.2/2",
"인천광역시","중기업","2009.1/2",2
"인천광역시","중기업","2009.2/2",-1
"인천광역시","중기업","2010.1/2",18
"인천광역시","중기업","2010.2/2",42
"인천광역시","중기업","2011.1/2",0
"인천광역시","중기업","2011.2/2",3
"인천광역시","중기업","2012.1/2",5
"인천광역시","중기업","2012.2/2",6
"인천광역시","중기업","2013.1/2",1
"인천광역시","중기업","2013.2/2",-1
"인천광역시","중기업","2014.1/2",-2
"인천광역시","중기업","2014.2/2",8
"인천광역시","중기업","2015.1/2",5
"인천광역시","중기업","2015.2/2",1
"인천광역시","중기업","2016.1/2",-3
"인천광역시","중기업","2016.2/2",1
"인천광역시","중기업","2017.1/2",-24
"인천광역시","소기업","2006.1/2",
"인천광역시","소기업","2006.2/2",190
"인천광역시","소기업","2007.1/2",-15
"인천광역시","소기업","2007.2/2",173
"인천광역시","소기업","2008.2/2",
"인천광역시","소기업","2009.1/2",107
"인천광역시","소기업","2009.2/2",326
"인천광역시","소기업","2010.1/2",227
"인천광역시","소기업","2010.2/2",347
"인천광역시","소기업","2011.1/2",0
"인천광역시","소기업","2011.2/2",167
"인천광역시","소기업","2012.1/2",69
"인천광역시","소기업","2012.2/2",-57
"인천광역시","소기업","2013.1/2",-58
"인천광역시","소기업","2013.2/2",264
"인천광역시","소기업","2014.1/2",126
"인천광역시","소기업","2014.2/2",449
"인천광역시","소기업","2015.1/2",243
"인천광역시","소기업","2015.2/2",713
"인천광역시","소기업","2016.1/2",-51
"인천광역시","소기업","2016.2/2",-60
"인천광역시","소기업","2017.1/2",-30
"광주광역시","대기업","2006.1/2",
"광주광역시","대기업","2006.2/2",1
"광주광역시","대기업","2007.1/2",-3
"광주광역시","대기업","2007.2/2",2
"광주광역시","대기업","2008.2/2",
"광주광역시","대기업","2009.1/2",4
"광주광역시","대기업","2009.2/2",2
"광주광역시","대기업","2010.1/2",-1
"광주광역시","대기업","2010.2/2",-2
"광주광역시","대기업","2011.1/2",0
"광주광역시","대기업","2011.2/2",-1
"광주광역시","대기업","2012.1/2",-4
"광주광역시","대기업","2012.2/2",-7
"광주광역시","대기업","2013.1/2",-1
"광주광역시","대기업","2013.2/2",0
"광주광역시","대기업","2014.1/2",-1
"광주광역시","대기업","2014.2/2",1
"광주광역시","대기업","2015.1/2",1
"광주광역시","대기업","2015.2/2",1
"광주광역시","대기업","2016.1/2",1
"광주광역시","대기업","2016.2/2",-1
"광주광역시","대기업","2017.1/2",0
"광주광역시","중기업","2006.1/2",
"광주광역시","중기업","2006.2/2",30
"광주광역시","중기업","2007.1/2",6
"광주광역시","중기업","2007.2/2",4
"광주광역시","중기업","2008.2/2",
"광주광역시","중기업","2009.1/2",2
"광주광역시","중기업","2009.2/2",3
"광주광역시","중기업","2010.1/2",18
"광주광역시","중기업","2010.2/2",19
"광주광역시","중기업","2011.1/2",0
"광주광역시","중기업","2011.2/2",2
"광주광역시","중기업","2012.1/2",2
"광주광역시","중기업","2012.2/2",6
"광주광역시","중기업","2013.1/2",-5
"광주광역시","중기업","2013.2/2",6
"광주광역시","중기업","2014.1/2",7
"광주광역시","중기업","2014.2/2",5
"광주광역시","중기업","2015.1/2",-2
"광주광역시","중기업","2015.2/2",8
"광주광역시","중기업","2016.1/2",1
"광주광역시","중기업","2016.2/2",7
"광주광역시","중기업","2017.1/2",-202
"광주광역시","소기업","2006.1/2",
"광주광역시","소기업","2006.2/2",285
"광주광역시","소기업","2007.1/2",115
"광주광역시","소기업","2007.2/2",64
"광주광역시","소기업","2008.2/2",
"광주광역시","소기업","2009.1/2",108
"광주광역시","소기업","2009.2/2",107
"광주광역시","소기업","2010.1/2",137
"광주광역시","소기업","2010.2/2",134
"광주광역시","소기업","2011.1/2",0
"광주광역시","소기업","2011.2/2",68
"광주광역시","소기업","2012.1/2",110
"광주광역시","소기업","2012.2/2",102
"광주광역시","소기업","2013.1/2",8
"광주광역시","소기업","2013.2/2",132
"광주광역시","소기업","2014.1/2",22
"광주광역시","소기업","2014.2/2",167
"광주광역시","소기업","2015.1/2",111
"광주광역시","소기업","2015.2/2",242
"광주광역시","소기업","2016.1/2",1
"광주광역시","소기업","2016.2/2",85
"광주광역시","소기업","2017.1/2",114
"대전광역시","대기업","2006.1/2",
"대전광역시","대기업","2006.2/2",0
"대전광역시","대기업","2007.1/2",2
"대전광역시","대기업","2007.2/2",1
"대전광역시","대기업","2008.2/2",
"대전광역시","대기업","2009.1/2",6
"대전광역시","대기업","2009.2/2",-1
"대전광역시","대기업","2010.1/2",3
"대전광역시","대기업","2010.2/2",-2
"대전광역시","대기업","2011.1/2",0
"대전광역시","대기업","2011.2/2",0
"대전광역시","대기업","2012.1/2",0
"대전광역시","대기업","2012.2/2",-7
"대전광역시","대기업","2013.1/2",1
"대전광역시","대기업","2013.2/2",0
"대전광역시","대기업","2014.1/2",-3
"대전광역시","대기업","2014.2/2",-1
"대전광역시","대기업","2015.1/2",1
"대전광역시","대기업","2015.2/2",0
"대전광역시","대기업","2016.1/2",0
"대전광역시","대기업","2016.2/2",0
"대전광역시","대기업","2017.1/2",-2
"대전광역시","중기업","2006.1/2",
"대전광역시","중기업","2006.2/2",6
"대전광역시","중기업","2007.1/2",-4
"대전광역시","중기업","2007.2/2",-3
"대전광역시","중기업","2008.2/2",
"대전광역시","중기업","2009.1/2",11
"대전광역시","중기업","2009.2/2",13
"대전광역시","중기업","2010.1/2",5
"대전광역시","중기업","2010.2/2",10
"대전광역시","중기업","2011.1/2",0
"대전광역시","중기업","2011.2/2",2
"대전광역시","중기업","2012.1/2",0
"대전광역시","중기업","2012.2/2",5
"대전광역시","중기업","2013.1/2",-1
"대전광역시","중기업","2013.2/2",3
"대전광역시","중기업","2014.1/2",-7
"대전광역시","중기업","2014.2/2",7
"대전광역시","중기업","2015.1/2",-1
"대전광역시","중기업","2015.2/2",2
"대전광역시","중기업","2016.1/2",0
"대전광역시","중기업","2016.2/2",1
"대전광역시","중기업","2017.1/2",3
"대전광역시","소기업","2006.1/2",
"대전광역시","소기업","2006.2/2",62
"대전광역시","소기업","2007.1/2",74
"대전광역시","소기업","2007.2/2",47
"대전광역시","소기업","2008.2/2",
"대전광역시","소기업","2009.1/2",48
"대전광역시","소기업","2009.2/2",72
"대전광역시","소기업","2010.1/2",107
"대전광역시","소기업","2010.2/2",145
"대전광역시","소기업","2011.1/2",0
"대전광역시","소기업","2011.2/2",59
"대전광역시","소기업","2012.1/2",44
"대전광역시","소기업","2012.2/2",74
"대전광역시","소기업","2013.1/2",12
"대전광역시","소기업","2013.2/2",79
"대전광역시","소기업","2014.1/2",10
"대전광역시","소기업","2014.2/2",46
"대전광역시","소기업","2015.1/2",-3
"대전광역시","소기업","2015.2/2",75
"대전광역시","소기업","2016.1/2",94
"대전광역시","소기업","2016.2/2",87
"대전광역시","소기업","2017.1/2",90
"울산광역시","대기업","2006.1/2",
"울산광역시","대기업","2006.2/2",0
"울산광역시","대기업","2007.1/2",0
"울산광역시","대기업","2007.2/2",1
"울산광역시","대기업","2008.2/2",
"울산광역시","대기업","2009.1/2",4
"울산광역시","대기업","2009.2/2",1
"울산광역시","대기업","2010.1/2",1
"울산광역시","대기업","2010.2/2",-2
"울산광역시","대기업","2011.1/2",0
"울산광역시","대기업","2011.2/2",1
"울산광역시","대기업","2012.1/2",0
"울산광역시","대기업","2012.2/2",-1
"울산광역시","대기업","2013.1/2",-4
"울산광역시","대기업","2013.2/2",0
"울산광역시","대기업","2014.1/2",3
"울산광역시","대기업","2014.2/2",-1
"울산광역시","대기업","2015.1/2",-2
"울산광역시","대기업","2015.2/2",-1
"울산광역시","대기업","2016.1/2",1
"울산광역시","대기업","2016.2/2",-2
"울산광역시","대기업","2017.1/2",3
"울산광역시","중기업","2006.1/2",
"울산광역시","중기업","2006.2/2",2
"울산광역시","중기업","2007.1/2",4
"울산광역시","중기업","2007.2/2",1
"울산광역시","중기업","2008.2/2",
"울산광역시","중기업","2009.1/2",6
"울산광역시","중기업","2009.2/2",-1
"울산광역시","중기업","2010.1/2",-1
"울산광역시","중기업","2010.2/2",21
"울산광역시","중기업","2011.1/2",0
"울산광역시","중기업","2011.2/2",4
"울산광역시","중기업","2012.1/2",4
"울산광역시","중기업","2012.2/2",-1
"울산광역시","중기업","2013.1/2",11
"울산광역시","중기업","2013.2/2",10
"울산광역시","중기업","2014.1/2",-3
"울산광역시","중기업","2014.2/2",2
"울산광역시","중기업","2015.1/2",4
"울산광역시","중기업","2015.2/2",15
"울산광역시","중기업","2016.1/2",9
"울산광역시","중기업","2016.2/2",0
"울산광역시","중기업","2017.1/2",-4
"울산광역시","소기업","2006.1/2",
"울산광역시","소기업","2006.2/2",43
"울산광역시","소기업","2007.1/2",36
"울산광역시","소기업","2007.2/2",53
"울산광역시","소기업","2008.2/2",
"울산광역시","소기업","2009.1/2",87
"울산광역시","소기업","2009.2/2",37
"울산광역시","소기업","2010.1/2",71
"울산광역시","소기업","2010.2/2",99
"울산광역시","소기업","2011.1/2",0
"울산광역시","소기업","2011.2/2",35
"울산광역시","소기업","2012.1/2",63
"울산광역시","소기업","2012.2/2",71
"울산광역시","소기업","2013.1/2",14
"울산광역시","소기업","2013.2/2",63
"울산광역시","소기업","2014.1/2",23
"울산광역시","소기업","2014.2/2",67
"울산광역시","소기업","2015.1/2",46
"울산광역시","소기업","2015.2/2",100
"울산광역시","소기업","2016.1/2",39
"울산광역시","소기업","2016.2/2",45
"울산광역시","소기업","2017.1/2",19
"세종특별자치시","대기업","2012.2/2",
"세종특별자치시","대기업","2013.1/2",0
"세종특별자치시","대기업","2013.2/2",2
"세종특별자치시","대기업","2014.1/2",0
"세종특별자치시","대기업","2014.2/2",1
"세종특별자치시","대기업","2015.1/2",2
"세종특별자치시","대기업","2015.2/2",-1
"세종특별자치시","대기업","2016.1/2",-1
"세종특별자치시","대기업","2016.2/2",-1
"세종특별자치시","대기업","2017.1/2",1
"세종특별자치시","중기업","2012.2/2",
"세종특별자치시","중기업","2013.1/2",8
"세종특별자치시","중기업","2013.2/2",0
"세종특별자치시","중기업","2014.1/2",-2
"세종특별자치시","중기업","2014.2/2",0
"세종특별자치시","중기업","2015.1/2",0
"세종특별자치시","중기업","2015.2/2",-1
"세종특별자치시","중기업","2016.1/2",4
"세종특별자치시","중기업","2016.2/2",2
"세종특별자치시","중기업","2017.1/2",7
"세종특별자치시","소기업","2012.2/2",
"세종특별자치시","소기업","2013.1/2",24
"세종특별자치시","소기업","2013.2/2",17
"세종특별자치시","소기업","2014.1/2",15
"세종특별자치시","소기업","2014.2/2",15
"세종특별자치시","소기업","2015.1/2",8
"세종특별자치시","소기업","2015.2/2",13
"세종특별자치시","소기업","2016.1/2",7
"세종특별자치시","소기업","2016.2/2",-3
"세종특별자치시","소기업","2017.1/2",23
"경기도","대기업","2006.1/2",
"경기도","대기업","2006.2/2",2
"경기도","대기업","2007.1/2",-13
"경기도","대기업","2007.2/2",-11
"경기도","대기업","2008.2/2",
"경기도","대기업","2009.1/2",10
"경기도","대기업","2009.2/2",20
"경기도","대기업","2010.1/2",12
"경기도","대기업","2010.2/2",-1
"경기도","대기업","2011.1/2",0
"경기도","대기업","2011.2/2",-6
"경기도","대기업","2012.1/2",-26
"경기도","대기업","2012.2/2",-4
"경기도","대기업","2013.1/2",-13
"경기도","대기업","2013.2/2",-1
"경기도","대기업","2014.1/2",-2
"경기도","대기업","2014.2/2",-3
"경기도","대기업","2015.1/2",-4
"경기도","대기업","2015.2/2",14
"경기도","대기업","2016.1/2",-1
"경기도","대기업","2016.2/2",1
"경기도","대기업","2017.1/2",-3
"경기도","중기업","2006.1/2",
"경기도","중기업","2006.2/2",32
"경기도","중기업","2007.1/2",117
"경기도","중기업","2007.2/2",49
"경기도","중기업","2008.2/2",
"경기도","중기업","2009.1/2",-18
"경기도","중기업","2009.2/2",-18
"경기도","중기업","2010.1/2",20
"경기도","중기업","2010.2/2",21
"경기도","중기업","2011.1/2",0
"경기도","중기업","2011.2/2",27
"경기도","중기업","2012.1/2",-15
"경기도","중기업","2012.2/2",-3
"경기도","중기업","2013.1/2",10
"경기도","중기업","2013.2/2",53
"경기도","중기업","2014.1/2",34
"경기도","중기업","2014.2/2",83
"경기도","중기업","2015.1/2",62
"경기도","중기업","2015.2/2",72
"경기도","중기업","2016.1/2",34
"경기도","중기업","2016.2/2",11
"경기도","중기업","2017.1/2",47
"경기도","소기업","2006.1/2",
"경기도","소기업","2006.2/2",1245
"경기도","소기업","2007.1/2",2124
"경기도","소기업","2007.2/2",1886
"경기도","소기업","2008.2/2",
"경기도","소기업","2009.1/2",1187
"경기도","소기업","2009.2/2",1484
"경기도","소기업","2010.1/2",1211
"경기도","소기업","2010.2/2",1421
"경기도","소기업","2011.1/2",0
"경기도","소기업","2011.2/2",1133
"경기도","소기업","2012.1/2",874
"경기도","소기업","2012.2/2",673
"경기도","소기업","2013.1/2",997
"경기도","소기업","2013.2/2",1741
"경기도","소기업","2014.1/2",995
"경기도","소기업","2014.2/2",1401
"경기도","소기업","2015.1/2",1166
"경기도","소기업","2015.2/2",2007
"경기도","소기업","2016.1/2",537
"경기도","소기업","2016.2/2",441
"경기도","소기업","2017.1/2",1001
"강원도","대기업","2006.1/2",
"강원도","대기업","2006.2/2",1
"강원도","대기업","2007.1/2",0
"강원도","대기업","2007.2/2",1
"강원도","대기업","2008.2/2",
"강원도","대기업","2009.1/2",0
"강원도","대기업","2009.2/2",0
"강원도","대기업","2010.1/2",0
"강원도","대기업","2010.2/2",-2
"강원도","대기업","2011.1/2",0
"강원도","대기업","2011.2/2",-1
"강원도","대기업","2012.1/2",0
"강원도","대기업","2012.2/2",0
"강원도","대기업","2013.1/2",-1
"강원도","대기업","2013.2/2",0
"강원도","대기업","2014.1/2",1
"강원도","대기업","2014.2/2",0
"강원도","대기업","2015.1/2",0
"강원도","대기업","2015.2/2",1
"강원도","대기업","2016.1/2",0
"강원도","대기업","2016.2/2",-1
"강원도","대기업","2017.1/2",-2
"강원도","중기업","2006.1/2",
"강원도","중기업","2006.2/2",4
"강원도","중기업","2007.1/2",5
"강원도","중기업","2007.2/2",-5
"강원도","중기업","2008.2/2",
"강원도","중기업","2009.1/2",4
"강원도","중기업","2009.2/2",3
"강원도","중기업","2010.1/2",6
"강원도","중기업","2010.2/2",7
"강원도","중기업","2011.1/2",0
"강원도","중기업","2011.2/2",5
"강원도","중기업","2012.1/2",9
"강원도","중기업","2012.2/2",8
"강원도","중기업","2013.1/2",-3
"강원도","중기업","2013.2/2",2
"강원도","중기업","2014.1/2",3
"강원도","중기업","2014.2/2",5
"강원도","중기업","2015.1/2",1
"강원도","중기업","2015.2/2",2
"강원도","중기업","2016.1/2",5
"강원도","중기업","2016.2/2",2
"강원도","중기업","2017.1/2",6
"강원도","소기업","2006.1/2",
"강원도","소기업","2006.2/2",72
"강원도","소기업","2007.1/2",81
"강원도","소기업","2007.2/2",100
"강원도","소기업","2008.2/2",
"강원도","소기업","2009.1/2",82
"강원도","소기업","2009.2/2",55
"강원도","소기업","2010.1/2",78
"강원도","소기업","2010.2/2",167
"강원도","소기업","2011.1/2",0
"강원도","소기업","2011.2/2",63
"강원도","소기업","2012.1/2",27
"강원도","소기업","2012.2/2",60
"강원도","소기업","2013.1/2",85
"강원도","소기업","2013.2/2",132
"강원도","소기업","2014.1/2",50
"강원도","소기업","2014.2/2",97
"강원도","소기업","2015.1/2",100
"강원도","소기업","2015.2/2",102
"강원도","소기업","2016.1/2",15
"강원도","소기업","2016.2/2",53
"강원도","소기업","2017.1/2",11
"충청북도","대기업","2006.1/2",
"충청북도","대기업","2006.2/2",-2
"충청북도","대기업","2007.1/2",-7
"충청북도","대기업","2007.2/2",10
"충청북도","대기업","2008.2/2",
"충청북도","대기업","2009.1/2",9
"충청북도","대기업","2009.2/2",12
"충청북도","대기업","2010.1/2",9
"충청북도","대기업","2010.2/2",-11
"충청북도","대기업","2011.1/2",0
"충청북도","대기업","2011.2/2",1
"충청북도","대기업","2012.1/2",-18
"충청북도","대기업","2012.2/2",-15
"충청북도","대기업","2013.1/2",-10
"충청북도","대기업","2013.2/2",3
"충청북도","대기업","2014.1/2",7
"충청북도","대기업","2014.2/2",8
"충청북도","대기업","2015.1/2",-3
"충청북도","대기업","2015.2/2",0
"충청북도","대기업","2016.1/2",2
"충청북도","대기업","2016.2/2",-3
"충청북도","대기업","2017.1/2",-5
"충청북도","중기업","2006.1/2",
"충청북도","중기업","2006.2/2",9
"충청북도","중기업","2007.1/2",21
"충청북도","중기업","2007.2/2",-12
"충청북도","중기업","2008.2/2",
"충청북도","중기업","2009.1/2",10
"충청북도","중기업","2009.2/2",11
"충청북도","중기업","2010.1/2",-4
"충청북도","중기업","2010.2/2",16
"충청북도","중기업","2011.1/2",0
"충청북도","중기업","2011.2/2",-6
"충청북도","중기업","2012.1/2",0
"충청북도","중기업","2012.2/2",-6
"충청북도","중기업","2013.1/2",-44
"충청북도","중기업","2013.2/2",20
"충청북도","중기업","2014.1/2",13
"충청북도","중기업","2014.2/2",3
"충청북도","중기업","2015.1/2",24
"충청북도","중기업","2015.2/2",8
"충청북도","중기업","2016.1/2",4
"충청북도","중기업","2016.2/2",2
"충청북도","중기업","2017.1/2",51
"충청북도","소기업","2006.1/2",
"충청북도","소기업","2006.2/2",128
"충청북도","소기업","2007.1/2",217
"충청북도","소기업","2007.2/2",62
"충청북도","소기업","2008.2/2",
"충청북도","소기업","2009.1/2",134
"충청북도","소기업","2009.2/2",147
"충청북도","소기업","2010.1/2",168
"충청북도","소기업","2010.2/2",289
"충청북도","소기업","2011.1/2",0
"충청북도","소기업","2011.2/2",80
"충청북도","소기업","2012.1/2",124
"충청북도","소기업","2012.2/2",-69
"충청북도","소기업","2013.1/2",262
"충청북도","소기업","2013.2/2",330
"충청북도","소기업","2014.1/2",162
"충청북도","소기업","2014.2/2",140
"충청북도","소기업","2015.1/2",212
"충청북도","소기업","2015.2/2",194
"충청북도","소기업","2016.1/2",205
"충청북도","소기업","2016.2/2",218
"충청북도","소기업","2017.1/2",217
"충청남도","대기업","2006.1/2",
"충청남도","대기업","2006.2/2",-1
"충청남도","대기업","2007.1/2",-16
"충청남도","대기업","2007.2/2",0
"충청남도","대기업","2008.2/2",
"충청남도","대기업","2009.1/2",1
"충청남도","대기업","2009.2/2",1
"충청남도","대기업","2010.1/2",5
"충청남도","대기업","2010.2/2",-17
"충청남도","대기업","2011.1/2",0
"충청남도","대기업","2011.2/2",-10
"충청남도","대기업","2012.1/2",-31
"충청남도","대기업","2012.2/2",-98
"충청남도","대기업","2013.1/2",-23
"충청남도","대기업","2013.2/2",3
"충청남도","대기업","2014.1/2",2
"충청남도","대기업","2014.2/2",-6
"충청남도","대기업","2015.1/2",3
"충청남도","대기업","2015.2/2",-3
"충청남도","대기업","2016.1/2",-2
"충청남도","대기업","2016.2/2",4
"충청남도","대기업","2017.1/2",-4
"충청남도","중기업","2006.1/2",
"충청남도","중기업","2006.2/2",8
"충청남도","중기업","2007.1/2",23
"충청남도","중기업","2007.2/2",28
"충청남도","중기업","2008.2/2",
"충청남도","중기업","2009.1/2",15
"충청남도","중기업","2009.2/2",16
"충청남도","중기업","2010.1/2",19
"충청남도","중기업","2010.2/2",58
"충청남도","중기업","2011.1/2",0
"충청남도","중기업","2011.2/2",31
"충청남도","중기업","2012.1/2",21
"충청남도","중기업","2012.2/2",-4
"충청남도","중기업","2013.1/2",13
"충청남도","중기업","2013.2/2",25
"충청남도","중기업","2014.1/2",16
"충청남도","중기업","2014.2/2",39
"충청남도","중기업","2015.1/2",10
"충청남도","중기업","2015.2/2",16
"충청남도","중기업","2016.1/2",22
"충청남도","중기업","2016.2/2",1
"충청남도","중기업","2017.1/2",15
"충청남도","소기업","2006.1/2",
"충청남도","소기업","2006.2/2",160
"충청남도","소기업","2007.1/2",234
"충청남도","소기업","2007.2/2",91
"충청남도","소기업","2008.2/2",
"충청남도","소기업","2009.1/2",167
"충청남도","소기업","2009.2/2",174
"충청남도","소기업","2010.1/2",140
"충청남도","소기업","2010.2/2",368
"충청남도","소기업","2011.1/2",0
"충청남도","소기업","2011.2/2",383
"충청남도","소기업","2012.1/2",160
"충청남도","소기업","2012.2/2",-289
"충청남도","소기업","2013.1/2",212
"충청남도","소기업","2013.2/2",258
"충청남도","소기업","2014.1/2",143
"충청남도","소기업","2014.2/2",213
"충청남도","소기업","2015.1/2",241
"충청남도","소기업","2015.2/2",241
"충청남도","소기업","2016.1/2",189
"충청남도","소기업","2016.2/2",231
"충청남도","소기업","2017.1/2",219
"전라북도","대기업","2006.1/2",
"전라북도","대기업","2006.2/2",-1
"전라북도","대기업","2007.1/2",0
"전라북도","대기업","2007.2/2",2
"전라북도","대기업","2008.2/2",
"전라북도","대기업","2009.1/2",1
"전라북도","대기업","2009.2/2",-1
"전라북도","대기업","2010.1/2",13
"전라북도","대기업","2010.2/2",-14
"전라북도","대기업","2011.1/2",0
"전라북도","대기업","2011.2/2",-7
"전라북도","대기업","2012.1/2",-3
"전라북도","대기업","2012.2/2",-1
"전라북도","대기업","2013.1/2",-7
"전라북도","대기업","2013.2/2",0
"전라북도","대기업","2014.1/2",-1
"전라북도","대기업","2014.2/2",1
"전라북도","대기업","2015.1/2",0
"전라북도","대기업","2015.2/2",2
"전라북도","대기업","2016.1/2",1
"전라북도","대기업","2016.2/2",0
"전라북도","대기업","2017.1/2",0
"전라북도","중기업","2006.1/2",
"전라북도","중기업","2006.2/2",6
"전라북도","중기업","2007.1/2",6
"전라북도","중기업","2007.2/2",11
"전라북도","중기업","2008.2/2",
"전라북도","중기업","2009.1/2",3
"전라북도","중기업","2009.2/2",3
"전라북도","중기업","2010.1/2",-9
"전라북도","중기업","2010.2/2",26
"전라북도","중기업","2011.1/2",0
"전라북도","중기업","2011.2/2",14
"전라북도","중기업","2012.1/2",10
"전라북도","중기업","2012.2/2",9
"전라북도","중기업","2013.1/2",3
"전라북도","중기업","2013.2/2",10
"전라북도","중기업","2014.1/2",12
"전라북도","중기업","2014.2/2",4
"전라북도","중기업","2015.1/2",7
"전라북도","중기업","2015.2/2",10
"전라북도","중기업","2016.1/2",6
"전라북도","중기업","2016.2/2",-2
"전라북도","중기업","2017.1/2",6
"전라북도","소기업","2006.1/2",
"전라북도","소기업","2006.2/2",99
"전라북도","소기업","2007.1/2",12
"전라북도","소기업","2007.2/2",93
"전라북도","소기업","2008.2/2",
"전라북도","소기업","2009.1/2",114
"전라북도","소기업","2009.2/2",140
"전라북도","소기업","2010.1/2",112
"전라북도","소기업","2010.2/2",250
"전라북도","소기업","2011.1/2",0
"전라북도","소기업","2011.2/2",106
"전라북도","소기업","2012.1/2",125
"전라북도","소기업","2012.2/2",64
"전라북도","소기업","2013.1/2",76
"전라북도","소기업","2013.2/2",170
"전라북도","소기업","2014.1/2",65
"전라북도","소기업","2014.2/2",136
"전라북도","소기업","2015.1/2",163
"전라북도","소기업","2015.2/2",197
"전라북도","소기업","2016.1/2",104
"전라북도","소기업","2016.2/2",144
"전라북도","소기업","2017.1/2",136
"전라남도","대기업","2006.1/2",
"전라남도","대기업","2006.2/2",-1
"전라남도","대기업","2007.1/2",0
"전라남도","대기업","2007.2/2",2
"전라남도","대기업","2008.2/2",
"전라남도","대기업","2009.1/2",4
"전라남도","대기업","2009.2/2",3
"전라남도","대기업","2010.1/2",2
"전라남도","대기업","2010.2/2",6
"전라남도","대기업","2011.1/2",0
"전라남도","대기업","2011.2/2",-1
"전라남도","대기업","2012.1/2",-3
"전라남도","대기업","2012.2/2",-39
"전라남도","대기업","2013.1/2",-7
"전라남도","대기업","2013.2/2",3
"전라남도","대기업","2014.1/2",2
"전라남도","대기업","2014.2/2",2
"전라남도","대기업","2015.1/2",0
"전라남도","대기업","2015.2/2",1
"전라남도","대기업","2016.1/2",1
"전라남도","대기업","2016.2/2",-2
"전라남도","대기업","2017.1/2",-2
"전라남도","중기업","2006.1/2",
"전라남도","중기업","2006.2/2",7
"전라남도","중기업","2007.1/2",15
"전라남도","중기업","2007.2/2",24
"전라남도","중기업","2008.2/2",
"전라남도","중기업","2009.1/2",6
"전라남도","중기업","2009.2/2",7
"전라남도","중기업","2010.1/2",3
"전라남도","중기업","2010.2/2",15
"전라남도","중기업","2011.1/2",0
"전라남도","중기업","2011.2/2",12
"전라남도","중기업","2012.1/2",6
"전라남도","중기업","2012.2/2",18
"전라남도","중기업","2013.1/2",3
"전라남도","중기업","2013.2/2",8
"전라남도","중기업","2014.1/2",1
"전라남도","중기업","2014.2/2",3
"전라남도","중기업","2015.1/2",4
"전라남도","중기업","2015.2/2",15
"전라남도","중기업","2016.1/2",3
"전라남도","중기업","2016.2/2",1
"전라남도","중기업","2017.1/2",6
"전라남도","소기업","2006.1/2",
"전라남도","소기업","2006.2/2",112
"전라남도","소기업","2007.1/2",23
"전라남도","소기업","2007.2/2",172
"전라남도","소기업","2008.2/2",
"전라남도","소기업","2009.1/2",107
"전라남도","소기업","2009.2/2",220
"전라남도","소기업","2010.1/2",102
"전라남도","소기업","2010.2/2",292
"전라남도","소기업","2011.1/2",0
"전라남도","소기업","2011.2/2",48
"전라남도","소기업","2012.1/2",94
"전라남도","소기업","2012.2/2",141
"전라남도","소기업","2013.1/2",79
"전라남도","소기업","2013.2/2",78
"전라남도","소기업","2014.1/2",61
"전라남도","소기업","2014.2/2",123
"전라남도","소기업","2015.1/2",108
"전라남도","소기업","2015.2/2",121
"전라남도","소기업","2016.1/2",60
"전라남도","소기업","2016.2/2",70
"전라남도","소기업","2017.1/2",204
"경상북도","대기업","2006.1/2",
"경상북도","대기업","2006.2/2",0
"경상북도","대기업","2007.1/2",2
"경상북도","대기업","2007.2/2",5
"경상북도","대기업","2008.2/2",
"경상북도","대기업","2009.1/2",9
"경상북도","대기업","2009.2/2",8
"경상북도","대기업","2010.1/2",5
"경상북도","대기업","2010.2/2",-4
"경상북도","대기업","2011.1/2",0
"경상북도","대기업","2011.2/2",-3
"경상북도","대기업","2012.1/2",-5
"경상북도","대기업","2012.2/2",-16
"경상북도","대기업","2013.1/2",-9
"경상북도","대기업","2013.2/2",0
"경상북도","대기업","2014.1/2",-4
"경상북도","대기업","2014.2/2",0
"경상북도","대기업","2015.1/2",0
"경상북도","대기업","2015.2/2",-1
"경상북도","대기업","2016.1/2",-2
"경상북도","대기업","2016.2/2",0
"경상북도","대기업","2017.1/2",-3
"경상북도","중기업","2006.1/2",
"경상북도","중기업","2006.2/2",17
"경상북도","중기업","2007.1/2",20
"경상북도","중기업","2007.2/2",16
"경상북도","중기업","2008.2/2",
"경상북도","중기업","2009.1/2",18
"경상북도","중기업","2009.2/2",4
"경상북도","중기업","2010.1/2",24
"경상북도","중기업","2010.2/2",32
"경상북도","중기업","2011.1/2",0
"경상북도","중기업","2011.2/2",4
"경상북도","중기업","2012.1/2",5
"경상북도","중기업","2012.2/2",10
"경상북도","중기업","2013.1/2",24
"경상북도","중기업","2013.2/2",18
"경상북도","중기업","2014.1/2",8
"경상북도","중기업","2014.2/2",12
"경상북도","중기업","2015.1/2",-4
"경상북도","중기업","2015.2/2",-12
"경상북도","중기업","2016.1/2",8
"경상북도","중기업","2016.2/2",13
"경상북도","중기업","2017.1/2",11
"경상북도","소기업","2006.1/2",
"경상북도","소기업","2006.2/2",105
"경상북도","소기업","2007.1/2",224
"경상북도","소기업","2007.2/2",193
"경상북도","소기업","2008.2/2",
"경상북도","소기업","2009.1/2",222
"경상북도","소기업","2009.2/2",185
"경상북도","소기업","2010.1/2",177
"경상북도","소기업","2010.2/2",468
"경상북도","소기업","2011.1/2",0
"경상북도","소기업","2011.2/2",238
"경상북도","소기업","2012.1/2",242
"경상북도","소기업","2012.2/2",324
"경상북도","소기업","2013.1/2",239
"경상북도","소기업","2013.2/2",392
"경상북도","소기업","2014.1/2",241
"경상북도","소기업","2014.2/2",249
"경상북도","소기업","2015.1/2",274
"경상북도","소기업","2015.2/2",341
"경상북도","소기업","2016.1/2",333
"경상북도","소기업","2016.2/2",180
"경상북도","소기업","2017.1/2",258
"경상남도","대기업","2006.1/2",
"경상남도","대기업","2006.2/2",4
"경상남도","대기업","2007.1/2",-1
"경상남도","대기업","2007.2/2",6
"경상남도","대기업","2008.2/2",
"경상남도","대기업","2009.1/2",22
"경상남도","대기업","2009.2/2",9
"경상남도","대기업","2010.1/2",13
"경상남도","대기업","2010.2/2",-56
"경상남도","대기업","2011.1/2",0
"경상남도","대기업","2011.2/2",-4
"경상남도","대기업","2012.1/2",-6
"경상남도","대기업","2012.2/2",-6
"경상남도","대기업","2013.1/2",-23
"경상남도","대기업","2013.2/2",-4
"경상남도","대기업","2014.1/2",-4
"경상남도","대기업","2014.2/2",0
"경상남도","대기업","2015.1/2",-3
"경상남도","대기업","2015.2/2",5
"경상남도","대기업","2016.1/2",-5
"경상남도","대기업","2016.2/2",1
"경상남도","대기업","2017.1/2",2
"경상남도","중기업","2006.1/2",
"경상남도","중기업","2006.2/2",25
"경상남도","중기업","2007.1/2",43
"경상남도","중기업","2007.2/2",23
"경상남도","중기업","2008.2/2",
"경상남도","중기업","2009.1/2",20
"경상남도","중기업","2009.2/2",9
"경상남도","중기업","2010.1/2",4
"경상남도","중기업","2010.2/2",63
"경상남도","중기업","2011.1/2",0
"경상남도","중기업","2011.2/2",15
"경상남도","중기업","2012.1/2",13
"경상남도","중기업","2012.2/2",5
"경상남도","중기업","2013.1/2",47
"경상남도","중기업","2013.2/2",22
"경상남도","중기업","2014.1/2",11
"경상남도","중기업","2014.2/2",13
"경상남도","중기업","2015.1/2",10
"경상남도","중기업","2015.2/2",5
"경상남도","중기업","2016.1/2",21
"경상남도","중기업","2016.2/2",10
"경상남도","중기업","2017.1/2",2
"경상남도","소기업","2006.1/2",
"경상남도","소기업","2006.2/2",335
"경상남도","소기업","2007.1/2",438
"경상남도","소기업","2007.2/2",484
"경상남도","소기업","2008.2/2",
"경상남도","소기업","2009.1/2",387
"경상남도","소기업","2009.2/2",201
"경상남도","소기업","2010.1/2",209
"경상남도","소기업","2010.2/2",726
"경상남도","소기업","2011.1/2",0
"경상남도","소기업","2011.2/2",305
"경상남도","소기업","2012.1/2",370
"경상남도","소기업","2012.2/2",324
"경상남도","소기업","2013.1/2",418
"경상남도","소기업","2013.2/2",236
"경상남도","소기업","2014.1/2",235
"경상남도","소기업","2014.2/2",403
"경상남도","소기업","2015.1/2",411
"경상남도","소기업","2015.2/2",455
"경상남도","소기업","2016.1/2",165
"경상남도","소기업","2016.2/2",302
"경상남도","소기업","2017.1/2",257
"제주도","대기업","2007.2/2",
"제주도","대기업","2008.2/2",
"제주도","대기업","2009.1/2",0
"제주도","대기업","2009.2/2",0
"제주도","대기업","2010.1/2",0
"제주도","대기업","2010.2/2",0
"제주도","대기업","2011.1/2",0
"제주도","대기업","2011.2/2",0
"제주도","대기업","2012.1/2",0
"제주도","대기업","2012.2/2",0
"제주도","대기업","2013.1/2",0
"제주도","대기업","2013.2/2",0
"제주도","대기업","2014.1/2",0
"제주도","대기업","2014.2/2",0
"제주도","대기업","2015.1/2",0
"제주도","대기업","2015.2/2",0
"제주도","대기업","2016.1/2",0
"제주도","대기업","2016.2/2",1
"제주도","대기업","2017.1/2",0
"제주도","중기업","2006.1/2",
"제주도","중기업","2006.2/2",0
"제주도","중기업","2007.1/2",-4
"제주도","중기업","2007.2/2",1
"제주도","중기업","2008.2/2",
"제주도","중기업","2009.1/2",0
"제주도","중기업","2009.2/2",0
"제주도","중기업","2010.1/2",2
"제주도","중기업","2010.2/2",0
"제주도","중기업","2011.1/2",0
"제주도","중기업","2011.2/2",0
"제주도","중기업","2012.1/2",1
"제주도","중기업","2012.2/2",-1
"제주도","중기업","2013.1/2",0
"제주도","중기업","2013.2/2",-1
"제주도","중기업","2014.1/2",2
"제주도","중기업","2014.2/2",-1
"제주도","중기업","2015.1/2",1
"제주도","중기업","2015.2/2",1
"제주도","중기업","2016.1/2",0
"제주도","중기업","2016.2/2",-2
"제주도","중기업","2017.1/2",0
"제주도","소기업","2006.1/2",
"제주도","소기업","2006.2/2",12
"제주도","소기업","2007.1/2",28
"제주도","소기업","2007.2/2",4
"제주도","소기업","2008.2/2",
"제주도","소기업","2009.1/2",18
"제주도","소기업","2009.2/2",11
"제주도","소기업","2010.1/2",13
"제주도","소기업","2010.2/2",36
"제주도","소기업","2011.1/2",0
"제주도","소기업","2011.2/2",15
"제주도","소기업","2012.1/2",-1
"제주도","소기업","2012.2/2",6
"제주도","소기업","2013.1/2",13
"제주도","소기업","2013.2/2",10
"제주도","소기업","2014.1/2",-37
"제주도","소기업","2014.2/2",19
"제주도","소기업","2015.1/2",10
"제주도","소기업","2015.2/2",3
"제주도","소기업","2016.1/2",10
"제주도","소기업","2016.2/2",-13
"제주도","소기업","2017.1/2",9
